Team,Season,Overall,GP,Win Percentage,W,L,Success
Portland Trail Blazers,91,63-19,82,0.7682926829268293,63,19,6
Chicago Bulls,91,61-21,82,0.7439024390243902,61,21,6
Los Angeles Lakers,91,58-24,82,0.7073170731707317,58,24,6
Boston Celtics,91,56-26,82,0.6829268292682927,56,26,5
Phoenix Suns,91,55-27,82,0.6707317073170732,55,27,5
San Antonio Spurs,91,55-27,82,0.6707317073170732,55,27,5
Utah Jazz,91,54-28,82,0.6585365853658537,54,28,5
Houston Rockets,91,52-30,82,0.6341463414634146,52,30,4
Detroit Pistons,91,50-32,82,0.6097560975609756,50,32,4
Milwaukee Bucks,91,48-34,82,0.5853658536585366,48,34,4
Golden State Warriors,91,44-38,82,0.5365853658536586,44,38,3
Philadelphia 76ers,91,44-38,82,0.5365853658536586,44,38,3
Atlanta Hawks,91,43-39,82,0.524390243902439,43,39,3
Indiana Pacers,91,41-41,82,0.5,41,41,3
Seattle SuperSonics,91,41-41,82,0.5,41,41,3
New York Knicks,91,39-43,82,0.47560975609756095,39,43,3
Cleveland Cavaliers,91,33-49,82,0.4024390243902439,33,49,2
Los Angeles Clippers,91,31-51,82,0.3780487804878049,31,51,2
Orlando Magic,91,31-51,82,0.3780487804878049,31,51,2
Washington Bullets,91,30-52,82,0.36585365853658536,30,52,2
Minnesota Timberwolves,91,29-53,82,0.35365853658536583,29,53,2
Dallas Mavericks,91,28-54,82,0.34146341463414637,28,54,2
Charlotte Hornets,91,26-56,82,0.3170731707317073,26,56,2
New Jersey Nets,91,26-56,82,0.3170731707317073,26,56,2
Sacramento Kings,91,25-57,82,0.3048780487804878,25,57,2
Miami Heat,91,24-58,82,0.2926829268292683,24,58,1
Denver Nuggets,91,20-62,82,0.24390243902439024,20,62,1
Chicago Bulls,92,67-15,82,0.8170731707317073,67,15,7
Cleveland Cavaliers,92,57-25,82,0.6951219512195121,57,25,5
Portland Trail Blazers,92,57-25,82,0.6951219512195121,57,25,5
Golden State Warriors,92,55-27,82,0.6707317073170732,55,27,5
Utah Jazz,92,55-27,82,0.6707317073170732,55,27,5
Phoenix Suns,92,53-29,82,0.6463414634146342,53,29,4
Boston Celtics,92,51-31,82,0.6219512195121951,51,31,4
New York Knicks,92,51-31,82,0.6219512195121951,51,31,4
Detroit Pistons,92,48-34,82,0.5853658536585366,48,34,4
San Antonio Spurs,92,47-35,82,0.573170731707317,47,35,4
Seattle SuperSonics,92,47-35,82,0.573170731707317,47,35,4
Los Angeles Clippers,92,45-37,82,0.5487804878048781,45,37,3
Los Angeles Lakers,92,43-39,82,0.524390243902439,43,39,3
Houston Rockets,92,42-40,82,0.5121951219512195,42,40,3
Indiana Pacers,92,40-42,82,0.4878048780487805,40,42,3
New Jersey Nets,92,40-42,82,0.4878048780487805,40,42,3
Miami Heat,92,38-44,82,0.4634146341463415,38,44,3
Atlanta Hawks,92,38-44,82,0.4634146341463415,38,44,3
Philadelphia 76ers,92,35-47,82,0.4268292682926829,35,47,2
Charlotte Hornets,92,31-51,82,0.3780487804878049,31,51,2
Milwaukee Bucks,92,31-51,82,0.3780487804878049,31,51,2
Sacramento Kings,92,29-53,82,0.35365853658536583,29,53,2
Washington Bullets,92,25-57,82,0.3048780487804878,25,57,2
Denver Nuggets,92,24-58,82,0.2926829268292683,24,58,1
Dallas Mavericks,92,22-60,82,0.2682926829268293,22,60,1
Orlando Magic,92,21-61,82,0.25609756097560976,21,61,1
Minnesota Timberwolves,92,15-67,82,0.18292682926829268,15,67,1
Phoenix Suns,93,62-20,82,0.7560975609756098,62,20,6
New York Knicks,93,60-22,82,0.7317073170731707,60,22,6
Chicago Bulls,93,57-25,82,0.6951219512195121,57,25,5
Houston Rockets,93,55-27,82,0.6707317073170732,55,27,5
Seattle SuperSonics,93,55-27,82,0.6707317073170732,55,27,5
Cleveland Cavaliers,93,54-28,82,0.6585365853658537,54,28,5
Portland Trail Blazers,93,51-31,82,0.6219512195121951,51,31,4
San Antonio Spurs,93,49-33,82,0.5975609756097561,49,33,4
Boston Celtics,93,48-34,82,0.5853658536585366,48,34,4
Utah Jazz,93,47-35,82,0.573170731707317,47,35,4
Charlotte Hornets,93,44-38,82,0.5365853658536586,44,38,3
Atlanta Hawks,93,43-39,82,0.524390243902439,43,39,3
New Jersey Nets,93,43-39,82,0.524390243902439,43,39,3
Indiana Pacers,93,41-41,82,0.5,41,41,3
Los Angeles Clippers,93,41-41,82,0.5,41,41,3
Orlando Magic,93,41-41,82,0.5,41,41,3
Detroit Pistons,93,40-42,82,0.4878048780487805,40,42,3
Los Angeles Lakers,93,39-43,82,0.47560975609756095,39,43,3
Denver Nuggets,93,36-46,82,0.43902439024390244,36,46,2
Miami Heat,93,36-46,82,0.43902439024390244,36,46,2
Golden State Warriors,93,34-48,82,0.4146341463414634,34,48,2
Milwaukee Bucks,93,28-54,82,0.34146341463414637,28,54,2
Philadelphia 76ers,93,26-56,82,0.3170731707317073,26,56,2
Sacramento Kings,93,25-57,82,0.3048780487804878,25,57,2
Washington Bullets,93,22-60,82,0.2682926829268293,22,60,1
Minnesota Timberwolves,93,19-63,82,0.23170731707317074,19,63,1
Dallas Mavericks,93,11-71,82,0.13414634146341464,11,71,1
Seattle SuperSonics,94,63-19,82,0.7682926829268293,63,19,6
Houston Rockets,94,58-24,82,0.7073170731707317,58,24,6
Atlanta Hawks,94,57-25,82,0.6951219512195121,57,25,5
New York Knicks,94,57-25,82,0.6951219512195121,57,25,5
Phoenix Suns,94,56-26,82,0.6829268292682927,56,26,5
Chicago Bulls,94,55-27,82,0.6707317073170732,55,27,5
San Antonio Spurs,94,55-27,82,0.6707317073170732,55,27,5
Utah Jazz,94,53-29,82,0.6463414634146342,53,29,4
Golden State Warriors,94,50-32,82,0.6097560975609756,50,32,4
Orlando Magic,94,50-32,82,0.6097560975609756,50,32,4
Cleveland Cavaliers,94,47-35,82,0.573170731707317,47,35,4
Indiana Pacers,94,47-35,82,0.573170731707317,47,35,4
Portland Trail Blazers,94,47-35,82,0.573170731707317,47,35,4
New Jersey Nets,94,45-37,82,0.5487804878048781,45,37,3
Denver Nuggets,94,42-40,82,0.5121951219512195,42,40,3
Miami Heat,94,42-40,82,0.5121951219512195,42,40,3
Charlotte Hornets,94,41-41,82,0.5,41,41,3
Los Angeles Lakers,94,33-49,82,0.4024390243902439,33,49,2
Boston Celtics,94,32-50,82,0.3902439024390244,32,50,2
Sacramento Kings,94,28-54,82,0.34146341463414637,28,54,2
Los Angeles Clippers,94,27-55,82,0.32926829268292684,27,55,2
Philadelphia 76ers,94,25-57,82,0.3048780487804878,25,57,2
Washington Bullets,94,24-58,82,0.2926829268292683,24,58,1
Detroit Pistons,94,20-62,82,0.24390243902439024,20,62,1
Milwaukee Bucks,94,20-62,82,0.24390243902439024,20,62,1
Minnesota Timberwolves,94,20-62,82,0.24390243902439024,20,62,1
Dallas Mavericks,94,13-69,82,0.15853658536585366,13,69,1
San Antonio Spurs,95,62-20,82,0.7560975609756098,62,20,6
Utah Jazz,95,60-22,82,0.7317073170731707,60,22,6
Phoenix Suns,95,59-23,82,0.7195121951219512,59,23,6
Orlando Magic,95,57-25,82,0.6951219512195121,57,25,5
Seattle SuperSonics,95,57-25,82,0.6951219512195121,57,25,5
New York Knicks,95,55-27,82,0.6707317073170732,55,27,5
Indiana Pacers,95,52-30,82,0.6341463414634146,52,30,4
Charlotte Hornets,95,50-32,82,0.6097560975609756,50,32,4
Los Angeles Lakers,95,48-34,82,0.5853658536585366,48,34,4
Chicago Bulls,95,47-35,82,0.573170731707317,47,35,4
Houston Rockets,95,47-35,82,0.573170731707317,47,35,4
Portland Trail Blazers,95,44-38,82,0.5365853658536586,44,38,3
Cleveland Cavaliers,95,43-39,82,0.524390243902439,43,39,3
Atlanta Hawks,95,42-40,82,0.5121951219512195,42,40,3
Denver Nuggets,95,41-41,82,0.5,41,41,3
Sacramento Kings,95,39-43,82,0.47560975609756095,39,43,3
Dallas Mavericks,95,36-46,82,0.43902439024390244,36,46,2
Boston Celtics,95,35-47,82,0.4268292682926829,35,47,2
Milwaukee Bucks,95,34-48,82,0.4146341463414634,34,48,2
Miami Heat,95,32-50,82,0.3902439024390244,32,50,2
New Jersey Nets,95,30-52,82,0.36585365853658536,30,52,2
Detroit Pistons,95,28-54,82,0.34146341463414637,28,54,2
Golden State Warriors,95,26-56,82,0.3170731707317073,26,56,2
Philadelphia 76ers,95,24-58,82,0.2926829268292683,24,58,1
Minnesota Timberwolves,95,21-61,82,0.25609756097560976,21,61,1
Washington Bullets,95,21-61,82,0.25609756097560976,21,61,1
Los Angeles Clippers,95,17-65,82,0.2073170731707317,17,65,1
Chicago Bulls,96,72-10,82,0.8780487804878049,72,10,7
Seattle SuperSonics,96,64-18,82,0.7804878048780488,64,18,6
Orlando Magic,96,60-22,82,0.7317073170731707,60,22,6
San Antonio Spurs,96,59-23,82,0.7195121951219512,59,23,6
Utah Jazz,96,55-27,82,0.6707317073170732,55,27,5
Los Angeles Lakers,96,53-29,82,0.6463414634146342,53,29,4
Indiana Pacers,96,52-30,82,0.6341463414634146,52,30,4
Houston Rockets,96,48-34,82,0.5853658536585366,48,34,4
Cleveland Cavaliers,96,47-35,82,0.573170731707317,47,35,4
New York Knicks,96,47-35,82,0.573170731707317,47,35,4
Atlanta Hawks,96,46-36,82,0.5609756097560976,46,36,4
Detroit Pistons,96,46-36,82,0.5609756097560976,46,36,4
Portland Trail Blazers,96,44-38,82,0.5365853658536586,44,38,3
Miami Heat,96,42-40,82,0.5121951219512195,42,40,3
Phoenix Suns,96,41-41,82,0.5,41,41,3
Charlotte Hornets,96,41-41,82,0.5,41,41,3
Sacramento Kings,96,39-43,82,0.47560975609756095,39,43,3
Washington Bullets,96,39-43,82,0.47560975609756095,39,43,3
Golden State Warriors,96,36-46,82,0.43902439024390244,36,46,2
Denver Nuggets,96,35-47,82,0.4268292682926829,35,47,2
Boston Celtics,96,33-49,82,0.4024390243902439,33,49,2
New Jersey Nets,96,30-52,82,0.36585365853658536,30,52,2
Los Angeles Clippers,96,29-53,82,0.35365853658536583,29,53,2
Dallas Mavericks,96,26-56,82,0.3170731707317073,26,56,2
Minnesota Timberwolves,96,26-56,82,0.3170731707317073,26,56,2
Milwaukee Bucks,96,25-57,82,0.3048780487804878,25,57,2
Toronto Raptors,96,21-61,82,0.25609756097560976,21,61,1
Philadelphia 76ers,96,18-64,82,0.21951219512195122,18,64,1
Vancouver Grizzlies,96,15-67,82,0.18292682926829268,15,67,1
Chicago Bulls,97,69-13,82,0.8414634146341463,69,13,7
Utah Jazz,97,64-18,82,0.7804878048780488,64,18,6
Miami Heat,97,61-21,82,0.7439024390243902,61,21,6
Houston Rockets,97,57-25,82,0.6951219512195121,57,25,5
New York Knicks,97,57-25,82,0.6951219512195121,57,25,5
Seattle SuperSonics,97,57-25,82,0.6951219512195121,57,25,5
Atlanta Hawks,97,56-26,82,0.6829268292682927,56,26,5
Los Angeles Lakers,97,56-26,82,0.6829268292682927,56,26,5
Charlotte Hornets,97,54-28,82,0.6585365853658537,54,28,5
Detroit Pistons,97,54-28,82,0.6585365853658537,54,28,5
Portland Trail Blazers,97,49-33,82,0.5975609756097561,49,33,4
Orlando Magic,97,45-37,82,0.5487804878048781,45,37,3
Washington Bullets,97,44-38,82,0.5365853658536586,44,38,3
Cleveland Cavaliers,97,42-40,82,0.5121951219512195,42,40,3
Minnesota Timberwolves,97,40-42,82,0.4878048780487805,40,42,3
Phoenix Suns,97,40-42,82,0.4878048780487805,40,42,3
Indiana Pacers,97,39-43,82,0.47560975609756095,39,43,3
Los Angeles Clippers,97,36-46,82,0.43902439024390244,36,46,2
Sacramento Kings,97,34-48,82,0.4146341463414634,34,48,2
Milwaukee Bucks,97,33-49,82,0.4024390243902439,33,49,2
Golden State Warriors,97,30-52,82,0.36585365853658536,30,52,2
Toronto Raptors,97,30-52,82,0.36585365853658536,30,52,2
New Jersey Nets,97,26-56,82,0.3170731707317073,26,56,2
Dallas Mavericks,97,24-58,82,0.2926829268292683,24,58,1
Philadelphia 76ers,97,22-60,82,0.2682926829268293,22,60,1
Denver Nuggets,97,21-61,82,0.25609756097560976,21,61,1
San Antonio Spurs,97,20-62,82,0.24390243902439024,20,62,1
Boston Celtics,97,15-67,82,0.18292682926829268,15,67,1
Vancouver Grizzlies,97,14-68,82,0.17073170731707318,14,68,1
Chicago Bulls,98,62-20,82,0.7560975609756098,62,20,6
Utah Jazz,98,62-20,82,0.7560975609756098,62,20,6
Los Angeles Lakers,98,61-21,82,0.7439024390243902,61,21,6
Seattle SuperSonics,98,61-21,82,0.7439024390243902,61,21,6
Indiana Pacers,98,58-24,82,0.7073170731707317,58,24,6
Phoenix Suns,98,56-26,82,0.6829268292682927,56,26,5
San Antonio Spurs,98,56-26,82,0.6829268292682927,56,26,5
Miami Heat,98,55-27,82,0.6707317073170732,55,27,5
Charlotte Hornets,98,51-31,82,0.6219512195121951,51,31,4
Atlanta Hawks,98,50-32,82,0.6097560975609756,50,32,4
Cleveland Cavaliers,98,47-35,82,0.573170731707317,47,35,4
Portland Trail Blazers,98,46-36,82,0.5609756097560976,46,36,4
Minnesota Timberwolves,98,45-37,82,0.5487804878048781,45,37,3
New Jersey Nets,98,43-39,82,0.524390243902439,43,39,3
New York Knicks,98,43-39,82,0.524390243902439,43,39,3
Washington Wizards,98,42-40,82,0.5121951219512195,42,40,3
Houston Rockets,98,41-41,82,0.5,41,41,3
Orlando Magic,98,41-41,82,0.5,41,41,3
Detroit Pistons,98,37-45,82,0.45121951219512196,37,45,3
Boston Celtics,98,36-46,82,0.43902439024390244,36,46,2
Milwaukee Bucks,98,36-46,82,0.43902439024390244,36,46,2
Philadelphia 76ers,98,31-51,82,0.3780487804878049,31,51,2
Sacramento Kings,98,27-55,82,0.32926829268292684,27,55,2
Dallas Mavericks,98,20-62,82,0.24390243902439024,20,62,1
Golden State Warriors,98,19-63,82,0.23170731707317074,19,63,1
Vancouver Grizzlies,98,19-63,82,0.23170731707317074,19,63,1
Los Angeles Clippers,98,17-65,82,0.2073170731707317,17,65,1
Toronto Raptors,98,16-66,82,0.1951219512195122,16,66,1
Denver Nuggets,98,11-71,82,0.13414634146341464,11,71,1
San Antonio Spurs,99,37-13,50,0.74,37,13,6
Utah Jazz,99,37-13,50,0.74,37,13,6
Portland Trail Blazers,99,35-15,50,0.7,35,15,6
Indiana Pacers,99,33-17,50,0.66,33,17,5
Miami Heat,99,33-17,50,0.66,33,17,5
Orlando Magic,99,33-17,50,0.66,33,17,5
Atlanta Hawks,99,31-19,50,0.62,31,19,4
Houston Rockets,99,31-19,50,0.62,31,19,4
Los Angeles Lakers,99,31-19,50,0.62,31,19,4
Detroit Pistons,99,29-21,50,0.58,29,21,4
Milwaukee Bucks,99,28-22,50,0.56,28,22,4
Philadelphia 76ers,99,28-22,50,0.56,28,22,4
New York Knicks,99,27-23,50,0.54,27,23,3
Phoenix Suns,99,27-23,50,0.54,27,23,3
Sacramento Kings,99,27-23,50,0.54,27,23,3
Charlotte Hornets,99,26-24,50,0.52,26,24,3
Minnesota Timberwolves,99,25-25,50,0.5,25,25,3
Seattle SuperSonics,99,25-25,50,0.5,25,25,3
Toronto Raptors,99,23-27,50,0.46,23,27,3
Cleveland Cavaliers,99,22-28,50,0.44,22,28,2
Golden State Warriors,99,21-29,50,0.42,21,29,2
Boston Celtics,99,19-31,50,0.38,19,31,2
Dallas Mavericks,99,19-31,50,0.38,19,31,2
Washington Wizards,99,18-32,50,0.36,18,32,2
New Jersey Nets,99,16-34,50,0.32,16,34,2
Denver Nuggets,99,14-36,50,0.28,14,36,1
Chicago Bulls,99,13-37,50,0.26,13,37,1
Los Angeles Clippers,99,9-41,50,0.18,9,41,1
Vancouver Grizzlies,99,8-42,50,0.16,8,42,1
Los Angeles Lakers,0,67-15,82,0.8170731707317073,67,15,7
Portland Trail Blazers,0,59-23,82,0.7195121951219512,59,23,6
Indiana Pacers,0,56-26,82,0.6829268292682927,56,26,5
Utah Jazz,0,55-27,82,0.6707317073170732,55,27,5
Phoenix Suns,0,53-29,82,0.6463414634146342,53,29,4
San Antonio Spurs,0,53-29,82,0.6463414634146342,53,29,4
Miami Heat,0,52-30,82,0.6341463414634146,52,30,4
Minnesota Timberwolves,0,50-32,82,0.6097560975609756,50,32,4
New York Knicks,0,50-32,82,0.6097560975609756,50,32,4
Charlotte Hornets,0,49-33,82,0.5975609756097561,49,33,4
Philadelphia 76ers,0,49-33,82,0.5975609756097561,49,33,4
Seattle SuperSonics,0,45-37,82,0.5487804878048781,45,37,3
Toronto Raptors,0,45-37,82,0.5487804878048781,45,37,3
Sacramento Kings,0,44-38,82,0.5365853658536586,44,38,3
Detroit Pistons,0,42-40,82,0.5121951219512195,42,40,3
Milwaukee Bucks,0,42-40,82,0.5121951219512195,42,40,3
Orlando Magic,0,41-41,82,0.5,41,41,3
Dallas Mavericks,0,40-42,82,0.4878048780487805,40,42,3
Boston Celtics,0,35-47,82,0.4268292682926829,35,47,2
Denver Nuggets,0,35-47,82,0.4268292682926829,35,47,2
Houston Rockets,0,34-48,82,0.4146341463414634,34,48,2
Cleveland Cavaliers,0,32-50,82,0.3902439024390244,32,50,2
New Jersey Nets,0,31-51,82,0.3780487804878049,31,51,2
Washington Wizards,0,29-53,82,0.35365853658536583,29,53,2
Atlanta Hawks,0,28-54,82,0.34146341463414637,28,54,2
Vancouver Grizzlies,0,22-60,82,0.2682926829268293,22,60,1
Golden State Warriors,0,19-63,82,0.23170731707317074,19,63,1
Chicago Bulls,0,17-65,82,0.2073170731707317,17,65,1
Los Angeles Clippers,0,15-67,82,0.18292682926829268,15,67,1
San Antonio Spurs,1,58-24,82,0.7073170731707317,58,24,6
Los Angeles Lakers,1,56-26,82,0.6829268292682927,56,26,5
Philadelphia 76ers,1,56-26,82,0.6829268292682927,56,26,5
Sacramento Kings,1,55-27,82,0.6707317073170732,55,27,5
Dallas Mavericks,1,53-29,82,0.6463414634146342,53,29,4
Utah Jazz,1,53-29,82,0.6463414634146342,53,29,4
Milwaukee Bucks,1,52-30,82,0.6341463414634146,52,30,4
Phoenix Suns,1,51-31,82,0.6219512195121951,51,31,4
Miami Heat,1,50-32,82,0.6097560975609756,50,32,4
Portland Trail Blazers,1,50-32,82,0.6097560975609756,50,32,4
New York Knicks,1,48-34,82,0.5853658536585366,48,34,4
Minnesota Timberwolves,1,47-35,82,0.573170731707317,47,35,4
Toronto Raptors,1,47-35,82,0.573170731707317,47,35,4
Charlotte Hornets,1,46-36,82,0.5609756097560976,46,36,4
Houston Rockets,1,45-37,82,0.5487804878048781,45,37,3
Seattle SuperSonics,1,44-38,82,0.5365853658536586,44,38,3
Orlando Magic,1,43-39,82,0.524390243902439,43,39,3
Indiana Pacers,1,41-41,82,0.5,41,41,3
Denver Nuggets,1,40-42,82,0.4878048780487805,40,42,3
Boston Celtics,1,36-46,82,0.43902439024390244,36,46,2
Detroit Pistons,1,32-50,82,0.3902439024390244,32,50,2
Los Angeles Clippers,1,31-51,82,0.3780487804878049,31,51,2
Cleveland Cavaliers,1,30-52,82,0.36585365853658536,30,52,2
New Jersey Nets,1,26-56,82,0.3170731707317073,26,56,2
Atlanta Hawks,1,25-57,82,0.3048780487804878,25,57,2
Vancouver Grizzlies,1,23-59,82,0.2804878048780488,23,59,1
Washington Wizards,1,19-63,82,0.23170731707317074,19,63,1
Golden State Warriors,1,17-65,82,0.2073170731707317,17,65,1
Chicago Bulls,1,15-67,82,0.18292682926829268,15,67,1
Sacramento Kings,2,61-21,82,0.7439024390243902,61,21,6
Los Angeles Lakers,2,58-24,82,0.7073170731707317,58,24,6
San Antonio Spurs,2,58-24,82,0.7073170731707317,58,24,6
Dallas Mavericks,2,57-25,82,0.6951219512195121,57,25,5
New Jersey Nets,2,52-30,82,0.6341463414634146,52,30,4
Detroit Pistons,2,50-32,82,0.6097560975609756,50,32,4
Minnesota Timberwolves,2,50-32,82,0.6097560975609756,50,32,4
Boston Celtics,2,49-33,82,0.5975609756097561,49,33,4
Portland Trail Blazers,2,49-33,82,0.5975609756097561,49,33,4
Seattle SuperSonics,2,45-37,82,0.5487804878048781,45,37,3
Charlotte Hornets,2,44-38,82,0.5365853658536586,44,38,3
Orlando Magic,2,44-38,82,0.5365853658536586,44,38,3
Utah Jazz,2,44-38,82,0.5365853658536586,44,38,3
Philadelphia 76ers,2,43-39,82,0.524390243902439,43,39,3
Indiana Pacers,2,42-40,82,0.5121951219512195,42,40,3
Toronto Raptors,2,42-40,82,0.5121951219512195,42,40,3
Milwaukee Bucks,2,41-41,82,0.5,41,41,3
Los Angeles Clippers,2,39-43,82,0.47560975609756095,39,43,3
Washington Wizards,2,37-45,82,0.45121951219512196,37,45,3
Miami Heat,2,36-46,82,0.43902439024390244,36,46,2
Phoenix Suns,2,36-46,82,0.43902439024390244,36,46,2
Atlanta Hawks,2,33-49,82,0.4024390243902439,33,49,2
New York Knicks,2,30-52,82,0.36585365853658536,30,52,2
Cleveland Cavaliers,2,29-53,82,0.35365853658536583,29,53,2
Houston Rockets,2,28-54,82,0.34146341463414637,28,54,2
Denver Nuggets,2,27-55,82,0.32926829268292684,27,55,2
Memphis Grizzlies,2,23-59,82,0.2804878048780488,23,59,1
Chicago Bulls,2,21-61,82,0.25609756097560976,21,61,1
Golden State Warriors,2,21-61,82,0.25609756097560976,21,61,1
Dallas Mavericks,3,60-22,82,0.7317073170731707,60,22,6
San Antonio Spurs,3,60-22,82,0.7317073170731707,60,22,6
Sacramento Kings,3,59-23,82,0.7195121951219512,59,23,6
Minnesota Timberwolves,3,51-31,82,0.6219512195121951,51,31,4
Detroit Pistons,3,50-32,82,0.6097560975609756,50,32,4
Los Angeles Lakers,3,50-32,82,0.6097560975609756,50,32,4
Portland Trail Blazers,3,50-32,82,0.6097560975609756,50,32,4
New Jersey Nets,3,49-33,82,0.5975609756097561,49,33,4
Indiana Pacers,3,48-34,82,0.5853658536585366,48,34,4
Philadelphia 76ers,3,48-34,82,0.5853658536585366,48,34,4
New Orleans Hornets,3,47-35,82,0.573170731707317,47,35,4
Utah Jazz,3,47-35,82,0.573170731707317,47,35,4
Boston Celtics,3,44-38,82,0.5365853658536586,44,38,3
Phoenix Suns,3,44-38,82,0.5365853658536586,44,38,3
Houston Rockets,3,43-39,82,0.524390243902439,43,39,3
Milwaukee Bucks,3,42-40,82,0.5121951219512195,42,40,3
Orlando Magic,3,42-40,82,0.5121951219512195,42,40,3
Seattle SuperSonics,3,40-42,82,0.4878048780487805,40,42,3
Golden State Warriors,3,38-44,82,0.4634146341463415,38,44,3
New York Knicks,3,37-45,82,0.45121951219512196,37,45,3
Washington Wizards,3,37-45,82,0.45121951219512196,37,45,3
Atlanta Hawks,3,35-47,82,0.4268292682926829,35,47,2
Chicago Bulls,3,30-52,82,0.36585365853658536,30,52,2
Memphis Grizzlies,3,28-54,82,0.34146341463414637,28,54,2
Los Angeles Clippers,3,27-55,82,0.32926829268292684,27,55,2
Miami Heat,3,25-57,82,0.3048780487804878,25,57,2
Toronto Raptors,3,24-58,82,0.2926829268292683,24,58,1
Cleveland Cavaliers,3,17-65,82,0.2073170731707317,17,65,1
Denver Nuggets,3,17-65,82,0.2073170731707317,17,65,1
Indiana Pacers,4,61-21,82,0.7439024390243902,61,21,6
Minnesota Timberwolves,4,58-24,82,0.7073170731707317,58,24,6
San Antonio Spurs,4,57-25,82,0.6951219512195121,57,25,5
Los Angeles Lakers,4,56-26,82,0.6829268292682927,56,26,5
Sacramento Kings,4,55-27,82,0.6707317073170732,55,27,5
Detroit Pistons,4,54-28,82,0.6585365853658537,54,28,5
Dallas Mavericks,4,52-30,82,0.6341463414634146,52,30,4
Memphis Grizzlies,4,50-32,82,0.6097560975609756,50,32,4
New Jersey Nets,4,47-35,82,0.573170731707317,47,35,4
Houston Rockets,4,45-37,82,0.5487804878048781,45,37,3
Denver Nuggets,4,43-39,82,0.524390243902439,43,39,3
Miami Heat,4,42-40,82,0.5121951219512195,42,40,3
Utah Jazz,4,42-40,82,0.5121951219512195,42,40,3
Milwaukee Bucks,4,41-41,82,0.5,41,41,3
New Orleans Hornets,4,41-41,82,0.5,41,41,3
Portland Trail Blazers,4,41-41,82,0.5,41,41,3
New York Knicks,4,39-43,82,0.47560975609756095,39,43,3
Golden State Warriors,4,37-45,82,0.45121951219512196,37,45,3
Seattle SuperSonics,4,37-45,82,0.45121951219512196,37,45,3
Boston Celtics,4,36-46,82,0.43902439024390244,36,46,2
Cleveland Cavaliers,4,35-47,82,0.4268292682926829,35,47,2
Philadelphia 76ers,4,33-49,82,0.4024390243902439,33,49,2
Toronto Raptors,4,33-49,82,0.4024390243902439,33,49,2
Phoenix Suns,4,29-53,82,0.35365853658536583,29,53,2
Atlanta Hawks,4,28-54,82,0.34146341463414637,28,54,2
Los Angeles Clippers,4,28-54,82,0.34146341463414637,28,54,2
Washington Wizards,4,25-57,82,0.3048780487804878,25,57,2
Chicago Bulls,4,23-59,82,0.2804878048780488,23,59,1
Orlando Magic,4,21-61,82,0.25609756097560976,21,61,1
Phoenix Suns,5,62-20,82,0.7560975609756098,62,20,6
Miami Heat,5,59-23,82,0.7195121951219512,59,23,6
San Antonio Spurs,5,59-23,82,0.7195121951219512,59,23,6
Dallas Mavericks,5,58-24,82,0.7073170731707317,58,24,6
Detroit Pistons,5,54-28,82,0.6585365853658537,54,28,5
Seattle SuperSonics,5,52-30,82,0.6341463414634146,52,30,4
Houston Rockets,5,51-31,82,0.6219512195121951,51,31,4
Sacramento Kings,5,50-32,82,0.6097560975609756,50,32,4
Denver Nuggets,5,49-33,82,0.5975609756097561,49,33,4
Chicago Bulls,5,47-35,82,0.573170731707317,47,35,4
Boston Celtics,5,45-37,82,0.5487804878048781,45,37,3
Memphis Grizzlies,5,45-37,82,0.5487804878048781,45,37,3
Washington Wizards,5,45-37,82,0.5487804878048781,45,37,3
Indiana Pacers,5,44-38,82,0.5365853658536586,44,38,3
Minnesota Timberwolves,5,44-38,82,0.5365853658536586,44,38,3
Philadelphia 76ers,5,43-39,82,0.524390243902439,43,39,3
New Jersey Nets,5,42-40,82,0.5121951219512195,42,40,3
Cleveland Cavaliers,5,42-40,82,0.5121951219512195,42,40,3
Los Angeles Clippers,5,37-45,82,0.45121951219512196,37,45,3
Orlando Magic,5,36-46,82,0.43902439024390244,36,46,2
Golden State Warriors,5,34-48,82,0.4146341463414634,34,48,2
Los Angeles Lakers,5,34-48,82,0.4146341463414634,34,48,2
New York Knicks,5,33-49,82,0.4024390243902439,33,49,2
Toronto Raptors,5,33-49,82,0.4024390243902439,33,49,2
Milwaukee Bucks,5,30-52,82,0.36585365853658536,30,52,2
Portland Trail Blazers,5,27-55,82,0.32926829268292684,27,55,2
Utah Jazz,5,26-56,82,0.3170731707317073,26,56,2
Charlotte Bobcats,5,18-64,82,0.21951219512195122,18,64,1
New Orleans Hornets,5,18-64,82,0.21951219512195122,18,64,1
Atlanta Hawks,5,13-69,82,0.15853658536585366,13,69,1
Detroit Pistons,6,64-18,82,0.7804878048780488,64,18,6
San Antonio Spurs,6,63-19,82,0.7682926829268293,63,19,6
Dallas Mavericks,6,60-22,82,0.7317073170731707,60,22,6
Phoenix Suns,6,54-28,82,0.6585365853658537,54,28,5
Miami Heat,6,52-30,82,0.6341463414634146,52,30,4
Cleveland Cavaliers,6,50-32,82,0.6097560975609756,50,32,4
Memphis Grizzlies,6,49-33,82,0.5975609756097561,49,33,4
New Jersey Nets,6,49-33,82,0.5975609756097561,49,33,4
Los Angeles Clippers,6,47-35,82,0.573170731707317,47,35,4
Los Angeles Lakers,6,45-37,82,0.5487804878048781,45,37,3
Denver Nuggets,6,44-38,82,0.5365853658536586,44,38,3
Sacramento Kings,6,44-38,82,0.5365853658536586,44,38,3
Washington Wizards,6,42-40,82,0.5121951219512195,42,40,3
Chicago Bulls,6,41-41,82,0.5,41,41,3
Indiana Pacers,6,41-41,82,0.5,41,41,3
Utah Jazz,6,41-41,82,0.5,41,41,3
Milwaukee Bucks,6,40-42,82,0.4878048780487805,40,42,3
New Orleans/Oklahoma City Hornets,6,38-44,82,0.4634146341463415,38,44,3
Philadelphia 76ers,6,38-44,82,0.4634146341463415,38,44,3
Orlando Magic,6,36-46,82,0.43902439024390244,36,46,2
Seattle SuperSonics,6,35-47,82,0.4268292682926829,35,47,2
Golden State Warriors,6,34-48,82,0.4146341463414634,34,48,2
Houston Rockets,6,34-48,82,0.4146341463414634,34,48,2
Boston Celtics,6,33-49,82,0.4024390243902439,33,49,2
Minnesota Timberwolves,6,33-49,82,0.4024390243902439,33,49,2
Toronto Raptors,6,27-55,82,0.32926829268292684,27,55,2
Atlanta Hawks,6,26-56,82,0.3170731707317073,26,56,2
Charlotte Bobcats,6,26-56,82,0.3170731707317073,26,56,2
New York Knicks,6,23-59,82,0.2804878048780488,23,59,1
Portland Trail Blazers,6,21-61,82,0.25609756097560976,21,61,1
Dallas Mavericks,7,67-15,82,0.8170731707317073,67,15,7
Phoenix Suns,7,61-21,82,0.7439024390243902,61,21,6
San Antonio Spurs,7,58-24,82,0.7073170731707317,58,24,6
Detroit Pistons,7,53-29,82,0.6463414634146342,53,29,4
Houston Rockets,7,52-30,82,0.6341463414634146,52,30,4
Utah Jazz,7,51-31,82,0.6219512195121951,51,31,4
Cleveland Cavaliers,7,50-32,82,0.6097560975609756,50,32,4
Chicago Bulls,7,49-33,82,0.5975609756097561,49,33,4
Toronto Raptors,7,47-35,82,0.573170731707317,47,35,4
Denver Nuggets,7,45-37,82,0.5487804878048781,45,37,3
Miami Heat,7,44-38,82,0.5365853658536586,44,38,3
Golden State Warriors,7,42-40,82,0.5121951219512195,42,40,3
Los Angeles Lakers,7,42-40,82,0.5121951219512195,42,40,3
New Jersey Nets,7,41-41,82,0.5,41,41,3
Washington Wizards,7,41-41,82,0.5,41,41,3
Orlando Magic,7,40-42,82,0.4878048780487805,40,42,3
Los Angeles Clippers,7,40-42,82,0.4878048780487805,40,42,3
New Orleans/Oklahoma City Hornets,7,39-43,82,0.47560975609756095,39,43,3
Indiana Pacers,7,35-47,82,0.4268292682926829,35,47,2
Philadelphia 76ers,7,35-47,82,0.4268292682926829,35,47,2
Charlotte Bobcats,7,33-49,82,0.4024390243902439,33,49,2
New York Knicks,7,33-49,82,0.4024390243902439,33,49,2
Sacramento Kings,7,33-49,82,0.4024390243902439,33,49,2
Minnesota Timberwolves,7,32-50,82,0.3902439024390244,32,50,2
Portland Trail Blazers,7,32-50,82,0.3902439024390244,32,50,2
Seattle SuperSonics,7,31-51,82,0.3780487804878049,31,51,2
Atlanta Hawks,7,30-52,82,0.36585365853658536,30,52,2
Milwaukee Bucks,7,28-54,82,0.34146341463414637,28,54,2
Boston Celtics,7,24-58,82,0.2926829268292683,24,58,1
Memphis Grizzlies,7,22-60,82,0.2682926829268293,22,60,1
Boston Celtics,8,66-16,82,0.8048780487804879,66,16,7
Detroit Pistons,8,59-23,82,0.7195121951219512,59,23,6
Los Angeles Lakers,8,57-25,82,0.6951219512195121,57,25,5
New Orleans Hornets,8,56-26,82,0.6829268292682927,56,26,5
San Antonio Spurs,8,56-26,82,0.6829268292682927,56,26,5
Houston Rockets,8,55-27,82,0.6707317073170732,55,27,5
Phoenix Suns,8,55-27,82,0.6707317073170732,55,27,5
Utah Jazz,8,54-28,82,0.6585365853658537,54,28,5
Orlando Magic,8,52-30,82,0.6341463414634146,52,30,4
Dallas Mavericks,8,51-31,82,0.6219512195121951,51,31,4
Denver Nuggets,8,50-32,82,0.6097560975609756,50,32,4
Golden State Warriors,8,48-34,82,0.5853658536585366,48,34,4
Cleveland Cavaliers,8,45-37,82,0.5487804878048781,45,37,3
Washington Wizards,8,43-39,82,0.524390243902439,43,39,3
Toronto Raptors,8,41-41,82,0.5,41,41,3
Portland Trail Blazers,8,41-41,82,0.5,41,41,3
Philadelphia 76ers,8,40-42,82,0.4878048780487805,40,42,3
Sacramento Kings,8,38-44,82,0.4634146341463415,38,44,3
Atlanta Hawks,8,37-45,82,0.45121951219512196,37,45,3
Indiana Pacers,8,36-46,82,0.43902439024390244,36,46,2
New Jersey Nets,8,34-48,82,0.4146341463414634,34,48,2
Chicago Bulls,8,33-49,82,0.4024390243902439,33,49,2
Charlotte Bobcats,8,32-50,82,0.3902439024390244,32,50,2
Milwaukee Bucks,8,26-56,82,0.3170731707317073,26,56,2
Los Angeles Clippers,8,23-59,82,0.2804878048780488,23,59,1
New York Knicks,8,23-59,82,0.2804878048780488,23,59,1
Memphis Grizzlies,8,22-60,82,0.2682926829268293,22,60,1
Minnesota Timberwolves,8,22-60,82,0.2682926829268293,22,60,1
Seattle SuperSonics,8,20-62,82,0.24390243902439024,20,62,1
Miami Heat,8,15-67,82,0.18292682926829268,15,67,1
Cleveland Cavaliers,9,66-16,82,0.8048780487804879,66,16,7
Los Angeles Lakers,9,65-17,82,0.7926829268292683,65,17,6
Boston Celtics,9,62-20,82,0.7560975609756098,62,20,6
Orlando Magic,9,59-23,82,0.7195121951219512,59,23,6
Denver Nuggets,9,54-28,82,0.6585365853658537,54,28,5
Portland Trail Blazers,9,54-28,82,0.6585365853658537,54,28,5
San Antonio Spurs,9,54-28,82,0.6585365853658537,54,28,5
Houston Rockets,9,53-29,82,0.6463414634146342,53,29,4
Dallas Mavericks,9,50-32,82,0.6097560975609756,50,32,4
New Orleans Hornets,9,49-33,82,0.5975609756097561,49,33,4
Utah Jazz,9,48-34,82,0.5853658536585366,48,34,4
Atlanta Hawks,9,47-35,82,0.573170731707317,47,35,4
Phoenix Suns,9,46-36,82,0.5609756097560976,46,36,4
Miami Heat,9,43-39,82,0.524390243902439,43,39,3
Chicago Bulls,9,41-41,82,0.5,41,41,3
Philadelphia 76ers,9,41-41,82,0.5,41,41,3
Detroit Pistons,9,39-43,82,0.47560975609756095,39,43,3
Indiana Pacers,9,36-46,82,0.43902439024390244,36,46,2
Charlotte Bobcats,9,35-47,82,0.4268292682926829,35,47,2
Milwaukee Bucks,9,34-48,82,0.4146341463414634,34,48,2
New Jersey Nets,9,34-48,82,0.4146341463414634,34,48,2
Toronto Raptors,9,33-49,82,0.4024390243902439,33,49,2
New York Knicks,9,32-50,82,0.3902439024390244,32,50,2
Golden State Warriors,9,29-53,82,0.35365853658536583,29,53,2
Memphis Grizzlies,9,24-58,82,0.2926829268292683,24,58,1
Minnesota Timberwolves,9,24-58,82,0.2926829268292683,24,58,1
Oklahoma City Thunder,9,23-59,82,0.2804878048780488,23,59,1
Los Angeles Clippers,9,19-63,82,0.23170731707317074,19,63,1
Washington Wizards,9,19-63,82,0.23170731707317074,19,63,1
Sacramento Kings,9,17-65,82,0.2073170731707317,17,65,1
Cleveland Cavaliers,10,61-21,82,0.7439024390243902,61,21,6
Orlando Magic,10,59-23,82,0.7195121951219512,59,23,6
Los Angeles Lakers,10,57-25,82,0.6951219512195121,57,25,5
Dallas Mavericks,10,55-27,82,0.6707317073170732,55,27,5
Phoenix Suns,10,54-28,82,0.6585365853658537,54,28,5
Atlanta Hawks,10,53-29,82,0.6463414634146342,53,29,4
Denver Nuggets,10,53-29,82,0.6463414634146342,53,29,4
Utah Jazz,10,53-29,82,0.6463414634146342,53,29,4
Boston Celtics,10,50-32,82,0.6097560975609756,50,32,4
Oklahoma City Thunder,10,50-32,82,0.6097560975609756,50,32,4
Portland Trail Blazers,10,50-32,82,0.6097560975609756,50,32,4
San Antonio Spurs,10,50-32,82,0.6097560975609756,50,32,4
Miami Heat,10,47-35,82,0.573170731707317,47,35,4
Milwaukee Bucks,10,46-36,82,0.5609756097560976,46,36,4
Charlotte Bobcats,10,44-38,82,0.5365853658536586,44,38,3
Houston Rockets,10,42-40,82,0.5121951219512195,42,40,3
Chicago Bulls,10,41-41,82,0.5,41,41,3
Memphis Grizzlies,10,40-42,82,0.4878048780487805,40,42,3
Toronto Raptors,10,40-42,82,0.4878048780487805,40,42,3
New Orleans Hornets,10,37-45,82,0.45121951219512196,37,45,3
Indiana Pacers,10,32-50,82,0.3902439024390244,32,50,2
Los Angeles Clippers,10,29-53,82,0.35365853658536583,29,53,2
New York Knicks,10,29-53,82,0.35365853658536583,29,53,2
Detroit Pistons,10,27-55,82,0.32926829268292684,27,55,2
Philadelphia 76ers,10,27-55,82,0.32926829268292684,27,55,2
Golden State Warriors,10,26-56,82,0.3170731707317073,26,56,2
Washington Wizards,10,26-56,82,0.3170731707317073,26,56,2
Sacramento Kings,10,25-57,82,0.3048780487804878,25,57,2
Minnesota Timberwolves,10,15-67,82,0.18292682926829268,15,67,1
New Jersey Nets,10,12-70,82,0.14634146341463414,12,70,1
Chicago Bulls,11,62-20,82,0.7560975609756098,62,20,6
San Antonio Spurs,11,61-21,82,0.7439024390243902,61,21,6
Miami Heat,11,58-24,82,0.7073170731707317,58,24,6
Dallas Mavericks,11,57-25,82,0.6951219512195121,57,25,5
Los Angeles Lakers,11,57-25,82,0.6951219512195121,57,25,5
Boston Celtics,11,56-26,82,0.6829268292682927,56,26,5
Oklahoma City Thunder,11,55-27,82,0.6707317073170732,55,27,5
Orlando Magic,11,52-30,82,0.6341463414634146,52,30,4
Denver Nuggets,11,50-32,82,0.6097560975609756,50,32,4
Portland Trail Blazers,11,48-34,82,0.5853658536585366,48,34,4
Memphis Grizzlies,11,46-36,82,0.5609756097560976,46,36,4
New Orleans Hornets,11,46-36,82,0.5609756097560976,46,36,4
Atlanta Hawks,11,44-38,82,0.5365853658536586,44,38,3
Houston Rockets,11,43-39,82,0.524390243902439,43,39,3
New York Knicks,11,42-40,82,0.5121951219512195,42,40,3
Philadelphia 76ers,11,41-41,82,0.5,41,41,3
Phoenix Suns,11,40-42,82,0.4878048780487805,40,42,3
Utah Jazz,11,39-43,82,0.47560975609756095,39,43,3
Indiana Pacers,11,37-45,82,0.45121951219512196,37,45,3
Golden State Warriors,11,36-46,82,0.43902439024390244,36,46,2
Milwaukee Bucks,11,35-47,82,0.4268292682926829,35,47,2
Charlotte Bobcats,11,34-48,82,0.4146341463414634,34,48,2
Los Angeles Clippers,11,32-50,82,0.3902439024390244,32,50,2
Detroit Pistons,11,30-52,82,0.36585365853658536,30,52,2
New Jersey Nets,11,24-58,82,0.2926829268292683,24,58,1
Sacramento Kings,11,24-58,82,0.2926829268292683,24,58,1
Washington Wizards,11,23-59,82,0.2804878048780488,23,59,1
Toronto Raptors,11,22-60,82,0.2682926829268293,22,60,1
Cleveland Cavaliers,11,19-63,82,0.23170731707317074,19,63,1
Minnesota Timberwolves,11,17-65,82,0.2073170731707317,17,65,1
Chicago Bulls,12,50-16,66,0.7575757575757576,50,16,6
San Antonio Spurs,12,50-16,66,0.7575757575757576,50,16,6
Oklahoma City Thunder,12,47-19,66,0.7121212121212122,47,19,6
Miami Heat,12,46-20,66,0.696969696969697,46,20,5
Indiana Pacers,12,42-24,66,0.6363636363636364,42,24,4
Los Angeles Lakers,12,41-25,66,0.6212121212121212,41,25,4
Memphis Grizzlies,12,41-25,66,0.6212121212121212,41,25,4
Atlanta Hawks,12,40-26,66,0.6060606060606061,40,26,4
Los Angeles Clippers,12,40-26,66,0.6060606060606061,40,26,4
Boston Celtics,12,39-27,66,0.5909090909090909,39,27,4
Denver Nuggets,12,38-28,66,0.5757575757575758,38,28,4
Orlando Magic,12,37-29,66,0.5606060606060606,37,29,4
Dallas Mavericks,12,36-30,66,0.5454545454545454,36,30,3
New York Knicks,12,36-30,66,0.5454545454545454,36,30,3
Utah Jazz,12,36-30,66,0.5454545454545454,36,30,3
Philadelphia 76ers,12,35-31,66,0.5303030303030303,35,31,3
Houston Rockets,12,34-32,66,0.5151515151515151,34,32,3
Phoenix Suns,12,33-33,66,0.5,33,33,3
Milwaukee Bucks,12,31-35,66,0.4696969696969697,31,35,3
Portland Trail Blazers,12,28-38,66,0.42424242424242425,28,38,2
Minnesota Timberwolves,12,26-40,66,0.3939393939393939,26,40,2
Detroit Pistons,12,25-41,66,0.3787878787878788,25,41,2
Golden State Warriors,12,23-43,66,0.3484848484848485,23,43,2
Toronto Raptors,12,23-43,66,0.3484848484848485,23,43,2
New Jersey Nets,12,22-44,66,0.3333333333333333,22,44,2
Sacramento Kings,12,22-44,66,0.3333333333333333,22,44,2
Cleveland Cavaliers,12,21-45,66,0.3181818181818182,21,45,2
New Orleans Hornets,12,21-45,66,0.3181818181818182,21,45,2
Washington Wizards,12,20-46,66,0.30303030303030304,20,46,2
Charlotte Bobcats,12,7-59,66,0.10606060606060606,7,59,1
Miami Heat,13,66-16,82,0.8048780487804879,66,16,7
Oklahoma City Thunder,13,60-22,82,0.7317073170731707,60,22,6
San Antonio Spurs,13,58-24,82,0.7073170731707317,58,24,6
Denver Nuggets,13,57-25,82,0.6951219512195121,57,25,5
Los Angeles Clippers,13,56-26,82,0.6829268292682927,56,26,5
Memphis Grizzlies,13,56-26,82,0.6829268292682927,56,26,5
New York Knicks,13,54-28,82,0.6585365853658537,54,28,5
Brooklyn Nets,13,49-33,82,0.5975609756097561,49,33,4
Indiana Pacers,13,49-32,81,0.6049382716049383,49,32,4
Golden State Warriors,13,47-35,82,0.573170731707317,47,35,4
Chicago Bulls,13,45-37,82,0.5487804878048781,45,37,3
Houston Rockets,13,45-37,82,0.5487804878048781,45,37,3
Los Angeles Lakers,13,45-37,82,0.5487804878048781,45,37,3
Atlanta Hawks,13,44-38,82,0.5365853658536586,44,38,3
Utah Jazz,13,43-39,82,0.524390243902439,43,39,3
Boston Celtics,13,41-40,81,0.5061728395061729,41,40,3
Dallas Mavericks,13,41-41,82,0.5,41,41,3
Milwaukee Bucks,13,38-44,82,0.4634146341463415,38,44,3
Philadelphia 76ers,13,34-48,82,0.4146341463414634,34,48,2
Toronto Raptors,13,34-48,82,0.4146341463414634,34,48,2
Portland Trail Blazers,13,33-49,82,0.4024390243902439,33,49,2
Minnesota Timberwolves,13,31-51,82,0.3780487804878049,31,51,2
Detroit Pistons,13,29-53,82,0.35365853658536583,29,53,2
Washington Wizards,13,29-53,82,0.35365853658536583,29,53,2
Sacramento Kings,13,28-54,82,0.34146341463414637,28,54,2
New Orleans Hornets,13,27-55,82,0.32926829268292684,27,55,2
Phoenix Suns,13,25-57,82,0.3048780487804878,25,57,2
Cleveland Cavaliers,13,24-58,82,0.2926829268292683,24,58,1
Charlotte Bobcats,13,21-61,82,0.25609756097560976,21,61,1
Orlando Magic,13,20-62,82,0.24390243902439024,20,62,1
San Antonio Spurs,14,62-20,82,0.7560975609756098,62,20,6
Oklahoma City Thunder,14,59-23,82,0.7195121951219512,59,23,6
Los Angeles Clippers,14,57-25,82,0.6951219512195121,57,25,5
Indiana Pacers,14,56-26,82,0.6829268292682927,56,26,5
Houston Rockets,14,54-28,82,0.6585365853658537,54,28,5
Miami Heat,14,54-28,82,0.6585365853658537,54,28,5
Portland Trail Blazers,14,54-28,82,0.6585365853658537,54,28,5
Golden State Warriors,14,51-31,82,0.6219512195121951,51,31,4
Memphis Grizzlies,14,50-32,82,0.6097560975609756,50,32,4
Dallas Mavericks,14,49-33,82,0.5975609756097561,49,33,4
Chicago Bulls,14,48-34,82,0.5853658536585366,48,34,4
Toronto Raptors,14,48-34,82,0.5853658536585366,48,34,4
Phoenix Suns,14,48-34,82,0.5853658536585366,48,34,4
Brooklyn Nets,14,44-38,82,0.5365853658536586,44,38,3
Washington Wizards,14,44-38,82,0.5365853658536586,44,38,3
Charlotte Bobcats,14,43-39,82,0.524390243902439,43,39,3
Minnesota Timberwolves,14,40-42,82,0.4878048780487805,40,42,3
Atlanta Hawks,14,38-44,82,0.4634146341463415,38,44,3
New York Knicks,14,37-45,82,0.45121951219512196,37,45,3
Denver Nuggets,14,36-46,82,0.43902439024390244,36,46,2
New Orleans Pelicans,14,34-48,82,0.4146341463414634,34,48,2
Cleveland Cavaliers,14,33-49,82,0.4024390243902439,33,49,2
Detroit Pistons,14,29-53,82,0.35365853658536583,29,53,2
Sacramento Kings,14,28-54,82,0.34146341463414637,28,54,2
Los Angeles Lakers,14,27-55,82,0.32926829268292684,27,55,2
Boston Celtics,14,25-57,82,0.3048780487804878,25,57,2
Utah Jazz,14,25-57,82,0.3048780487804878,25,57,2
Orlando Magic,14,23-59,82,0.2804878048780488,23,59,1
Philadelphia 76ers,14,19-63,82,0.23170731707317074,19,63,1
Milwaukee Bucks,14,15-67,82,0.18292682926829268,15,67,1
Golden State Warriors,15,67-15,82,0.8170731707317073,67,15,7
Atlanta Hawks,15,60-22,82,0.7317073170731707,60,22,6
Houston Rockets,15,56-26,82,0.6829268292682927,56,26,5
Los Angeles Clippers,15,56-26,82,0.6829268292682927,56,26,5
Memphis Grizzlies,15,55-27,82,0.6707317073170732,55,27,5
San Antonio Spurs,15,55-27,82,0.6707317073170732,55,27,5
Cleveland Cavaliers,15,53-29,82,0.6463414634146342,53,29,4
Portland Trail Blazers,15,51-31,82,0.6219512195121951,51,31,4
Chicago Bulls,15,50-32,82,0.6097560975609756,50,32,4
Dallas Mavericks,15,50-32,82,0.6097560975609756,50,32,4
Toronto Raptors,15,49-33,82,0.5975609756097561,49,33,4
Washington Wizards,15,46-36,82,0.5609756097560976,46,36,4
New Orleans Pelicans,15,45-37,82,0.5487804878048781,45,37,3
Oklahoma City Thunder,15,45-37,82,0.5487804878048781,45,37,3
Milwaukee Bucks,15,41-41,82,0.5,41,41,3
Boston Celtics,15,40-42,82,0.4878048780487805,40,42,3
Phoenix Suns,15,39-43,82,0.47560975609756095,39,43,3
Brooklyn Nets,15,38-44,82,0.4634146341463415,38,44,3
Indiana Pacers,15,38-44,82,0.4634146341463415,38,44,3
Utah Jazz,15,38-44,82,0.4634146341463415,38,44,3
Miami Heat,15,37-45,82,0.45121951219512196,37,45,3
Charlotte Hornets,15,33-49,82,0.4024390243902439,33,49,2
Detroit Pistons,15,32-50,82,0.3902439024390244,32,50,2
Denver Nuggets,15,30-52,82,0.36585365853658536,30,52,2
Sacramento Kings,15,29-53,82,0.35365853658536583,29,53,2
Orlando Magic,15,25-57,82,0.3048780487804878,25,57,2
Los Angeles Lakers,15,21-61,82,0.25609756097560976,21,61,1
Philadelphia 76ers,15,18-64,82,0.21951219512195122,18,64,1
New York Knicks,15,17-65,82,0.2073170731707317,17,65,1
Minnesota Timberwolves,15,16-66,82,0.1951219512195122,16,66,1
Golden State Warriors,16,73-9,82,0.8902439024390244,73,9,7
San Antonio Spurs,16,67-15,82,0.8170731707317073,67,15,7
Cleveland Cavaliers,16,57-25,82,0.6951219512195121,57,25,5
Toronto Raptors,16,56-26,82,0.6829268292682927,56,26,5
Oklahoma City Thunder,16,55-27,82,0.6707317073170732,55,27,5
Los Angeles Clippers,16,53-29,82,0.6463414634146342,53,29,4
Atlanta Hawks,16,48-34,82,0.5853658536585366,48,34,4
Boston Celtics,16,48-34,82,0.5853658536585366,48,34,4
Charlotte Hornets,16,48-34,82,0.5853658536585366,48,34,4
Miami Heat,16,48-34,82,0.5853658536585366,48,34,4
Indiana Pacers,16,45-37,82,0.5487804878048781,45,37,3
Detroit Pistons,16,44-38,82,0.5365853658536586,44,38,3
Portland Trail Blazers,16,44-38,82,0.5365853658536586,44,38,3
Dallas Mavericks,16,42-40,82,0.5121951219512195,42,40,3
Memphis Grizzlies,16,42-40,82,0.5121951219512195,42,40,3
Chicago Bulls,16,42-40,82,0.5121951219512195,42,40,3
Houston Rockets,16,41-41,82,0.5,41,41,3
Washington Wizards,16,41-41,82,0.5,41,41,3
Utah Jazz,16,40-42,82,0.4878048780487805,40,42,3
Orlando Magic,16,35-47,82,0.4268292682926829,35,47,2
Denver Nuggets,16,33-49,82,0.4024390243902439,33,49,2
Milwaukee Bucks,16,33-49,82,0.4024390243902439,33,49,2
Sacramento Kings,16,33-49,82,0.4024390243902439,33,49,2
New York Knicks,16,32-50,82,0.3902439024390244,32,50,2
New Orleans Pelicans,16,30-52,82,0.36585365853658536,30,52,2
Minnesota Timberwolves,16,29-53,82,0.35365853658536583,29,53,2
Phoenix Suns,16,23-59,82,0.2804878048780488,23,59,1
Brooklyn Nets,16,21-61,82,0.25609756097560976,21,61,1
Los Angeles Lakers,16,17-65,82,0.2073170731707317,17,65,1
Philadelphia 76ers,16,10-72,82,0.12195121951219512,10,72,1
Golden State Warriors,17,67-15,82,0.8170731707317073,67,15,7
San Antonio Spurs,17,61-21,82,0.7439024390243902,61,21,6
Houston Rockets,17,55-27,82,0.6707317073170732,55,27,5
Boston Celtics,17,53-29,82,0.6463414634146342,53,29,4
Cleveland Cavaliers,17,51-31,82,0.6219512195121951,51,31,4
Los Angeles Clippers,17,51-31,82,0.6219512195121951,51,31,4
Toronto Raptors,17,51-31,82,0.6219512195121951,51,31,4
Utah Jazz,17,51-31,82,0.6219512195121951,51,31,4
Washington Wizards,17,49-33,82,0.5975609756097561,49,33,4
Oklahoma City Thunder,17,47-35,82,0.573170731707317,47,35,4
Atlanta Hawks,17,43-39,82,0.524390243902439,43,39,3
Memphis Grizzlies,17,43-39,82,0.524390243902439,43,39,3
Indiana Pacers,17,42-40,82,0.5121951219512195,42,40,3
Milwaukee Bucks,17,42-40,82,0.5121951219512195,42,40,3
Chicago Bulls,17,41-41,82,0.5,41,41,3
Portland Trail Blazers,17,41-41,82,0.5,41,41,3
Miami Heat,17,41-41,82,0.5,41,41,3
Denver Nuggets,17,40-42,82,0.4878048780487805,40,42,3
Detroit Pistons,17,37-45,82,0.45121951219512196,37,45,3
Charlotte Hornets,17,36-46,82,0.43902439024390244,36,46,2
New Orleans Pelicans,17,34-48,82,0.4146341463414634,34,48,2
Dallas Mavericks,17,33-49,82,0.4024390243902439,33,49,2
Sacramento Kings,17,32-50,82,0.3902439024390244,32,50,2
Minnesota Timberwolves,17,31-51,82,0.3780487804878049,31,51,2
New York Knicks,17,31-51,82,0.3780487804878049,31,51,2
Orlando Magic,17,29-53,82,0.35365853658536583,29,53,2
Philadelphia 76ers,17,28-54,82,0.34146341463414637,28,54,2
Los Angeles Lakers,17,26-56,82,0.3170731707317073,26,56,2
Phoenix Suns,17,24-58,82,0.2926829268292683,24,58,1
Brooklyn Nets,17,20-62,82,0.24390243902439024,20,62,1
Houston Rockets,18,65-17,82,0.7926829268292683,65,17,6
Toronto Raptors,18,59-23,82,0.7195121951219512,59,23,6
Golden State Warriors,18,58-24,82,0.7073170731707317,58,24,6
Boston Celtics,18,55-27,82,0.6707317073170732,55,27,5
Philadelphia 76ers,18,52-30,82,0.6341463414634146,52,30,4
Cleveland Cavaliers,18,50-32,82,0.6097560975609756,50,32,4
Portland Trail Blazers,18,49-33,82,0.5975609756097561,49,33,4
Indiana Pacers,18,48-34,82,0.5853658536585366,48,34,4
New Orleans Pelicans,18,48-34,82,0.5853658536585366,48,34,4
Oklahoma City Thunder,18,48-34,82,0.5853658536585366,48,34,4
Utah Jazz,18,48-34,82,0.5853658536585366,48,34,4
Minnesota Timberwolves,18,47-35,82,0.573170731707317,47,35,4
San Antonio Spurs,18,47-35,82,0.573170731707317,47,35,4
Denver Nuggets,18,46-36,82,0.5609756097560976,46,36,4
Miami Heat,18,44-38,82,0.5365853658536586,44,38,3
Milwaukee Bucks,18,44-38,82,0.5365853658536586,44,38,3
Washington Wizards,18,43-39,82,0.524390243902439,43,39,3
Los Angeles Clippers,18,42-40,82,0.5121951219512195,42,40,3
Detroit Pistons,18,39-43,82,0.47560975609756095,39,43,3
Charlotte Hornets,18,36-46,82,0.43902439024390244,36,46,2
Los Angeles Lakers,18,35-47,82,0.4268292682926829,35,47,2
New York Knicks,18,29-53,82,0.35365853658536583,29,53,2
Brooklyn Nets,18,28-54,82,0.34146341463414637,28,54,2
Chicago Bulls,18,27-55,82,0.32926829268292684,27,55,2
Sacramento Kings,18,27-55,82,0.32926829268292684,27,55,2
Orlando Magic,18,25-57,82,0.3048780487804878,25,57,2
Atlanta Hawks,18,24-58,82,0.2926829268292683,24,58,1
Dallas Mavericks,18,24-58,82,0.2926829268292683,24,58,1
Memphis Grizzlies,18,22-60,82,0.2682926829268293,22,60,1
Phoenix Suns,18,21-61,82,0.25609756097560976,21,61,1
Milwaukee Bucks,19,60-22,82,0.7317073170731707,60,22,6
Toronto Raptors,19,58-24,82,0.7073170731707317,58,24,6
Golden State Warriors,19,57-25,82,0.6951219512195121,57,25,5
Denver Nuggets,19,54-28,82,0.6585365853658537,54,28,5
Houston Rockets,19,53-29,82,0.6463414634146342,53,29,4
Portland Trail Blazers,19,53-29,82,0.6463414634146342,53,29,4
Philadelphia 76ers,19,51-31,82,0.6219512195121951,51,31,4
Utah Jazz,19,50-32,82,0.6097560975609756,50,32,4
Boston Celtics,19,49-33,82,0.5975609756097561,49,33,4
Oklahoma City Thunder,19,49-33,82,0.5975609756097561,49,33,4
Indiana Pacers,19,48-34,82,0.5853658536585366,48,34,4
Los Angeles Clippers,19,48-34,82,0.5853658536585366,48,34,4
San Antonio Spurs,19,48-34,82,0.5853658536585366,48,34,4
Brooklyn Nets,19,42-40,82,0.5121951219512195,42,40,3
Orlando Magic,19,42-40,82,0.5121951219512195,42,40,3
Detroit Pistons,19,41-41,82,0.5,41,41,3
Charlotte Hornets,19,39-43,82,0.47560975609756095,39,43,3
Miami Heat,19,39-43,82,0.47560975609756095,39,43,3
Sacramento Kings,19,39-43,82,0.47560975609756095,39,43,3
Los Angeles Lakers,19,37-45,82,0.45121951219512196,37,45,3
Minnesota Timberwolves,19,36-46,82,0.43902439024390244,36,46,2
Dallas Mavericks,19,33-49,82,0.4024390243902439,33,49,2
Memphis Grizzlies,19,33-49,82,0.4024390243902439,33,49,2
New Orleans Pelicans,19,33-49,82,0.4024390243902439,33,49,2
Washington Wizards,19,32-50,82,0.3902439024390244,32,50,2
Atlanta Hawks,19,29-53,82,0.35365853658536583,29,53,2
Chicago Bulls,19,22-60,82,0.2682926829268293,22,60,1
Cleveland Cavaliers,19,19-63,82,0.23170731707317074,19,63,1
Phoenix Suns,19,19-63,82,0.23170731707317074,19,63,1
New York Knicks,19,17-65,82,0.2073170731707317,17,65,1
Milwaukee Bucks,20,56-17,73,0.7671232876712328,56,17,6
Toronto Raptors,20,53-19,72,0.7361111111111112,53,19,6
Los Angeles Lakers,20,52-19,71,0.7323943661971831,52,19,6
Los Angeles Clippers,20,49-23,72,0.6805555555555556,49,23,5
Boston Celtics,20,48-24,72,0.6666666666666666,48,24,5
Denver Nuggets,20,46-27,73,0.6301369863013698,46,27,4
Indiana Pacers,20,45-28,73,0.6164383561643836,45,28,4
Houston Rockets,20,44-28,72,0.6111111111111112,44,28,4
Miami Heat,20,44-29,73,0.6027397260273972,44,29,4
Oklahoma City Thunder,20,44-28,72,0.6111111111111112,44,28,4
Utah Jazz,20,44-28,72,0.6111111111111112,44,28,4
Dallas Mavericks,20,43-32,75,0.5733333333333334,43,32,4
Philadelphia 76ers,20,43-30,73,0.589041095890411,43,30,4
Brooklyn Nets,20,35-37,72,0.4861111111111111,35,37,3
Portland Trail Blazers,20,35-39,74,0.47297297297297297,35,39,3
Memphis Grizzlies,20,34-39,73,0.4657534246575342,34,39,3
Phoenix Suns,20,34-39,73,0.4657534246575342,34,39,3
Orlando Magic,20,33-40,73,0.4520547945205479,33,40,3
San Antonio Spurs,20,32-39,71,0.4507042253521127,32,39,3
Sacramento Kings,20,31-41,72,0.4305555555555556,31,41,2
New Orleans Pelicans,20,30-42,72,0.4166666666666667,30,42,2
Washington Wizards,20,25-47,72,0.3472222222222222,25,47,2
Charlotte Hornets,20,23-42,65,0.35384615384615387,23,42,2
Chicago Bulls,20,22-43,65,0.3384615384615385,22,43,2
New York Knicks,20,21-45,66,0.3181818181818182,21,45,2
Atlanta Hawks,20,20-47,67,0.29850746268656714,20,47,1
Detroit Pistons,20,20-46,66,0.30303030303030304,20,46,2
Cleveland Cavaliers,20,19-46,65,0.2923076923076923,19,46,1
Minnesota Timberwolves,20,19-45,64,0.296875,19,45,1
Golden State Warriors,20,15-50,65,0.23076923076923078,15,50,1
Utah Jazz,21,52-20,72,0.7222222222222222,52,20,6
Phoenix Suns,21,51-21,72,0.7083333333333334,51,21,6
Philadelphia 76ers,21,49-23,72,0.6805555555555556,49,23,5
Brooklyn Nets,21,48-24,72,0.6666666666666666,48,24,5
Denver Nuggets,21,47-25,72,0.6527777777777778,47,25,5
Los Angeles Clippers,21,47-25,72,0.6527777777777778,47,25,5
Milwaukee Bucks,21,46-26,72,0.6388888888888888,46,26,4
Dallas Mavericks,21,42-30,72,0.5833333333333334,42,30,4
Los Angeles Lakers,21,42-30,72,0.5833333333333334,42,30,4
Portland Trail Blazers,21,42-30,72,0.5833333333333334,42,30,4
Atlanta Hawks,21,41-31,72,0.5694444444444444,41,31,4
New York Knicks,21,41-31,72,0.5694444444444444,41,31,4
Miami Heat,21,40-32,72,0.5555555555555556,40,32,4
Golden State Warriors,21,39-33,72,0.5416666666666666,39,33,3
Memphis Grizzlies,21,38-34,72,0.5277777777777778,38,34,3
Boston Celtics,21,36-36,72,0.5,36,36,3
Washington Wizards,21,34-38,72,0.4722222222222222,34,38,3
Indiana Pacers,21,34-38,72,0.4722222222222222,34,38,3
Charlotte Hornets,21,33-39,72,0.4583333333333333,33,39,3
San Antonio Spurs,21,33-39,72,0.4583333333333333,33,39,3
Chicago Bulls,21,31-41,72,0.4305555555555556,31,41,2
New Orleans Pelicans,21,31-41,72,0.4305555555555556,31,41,2
Sacramento Kings,21,31-41,72,0.4305555555555556,31,41,2
Toronto Raptors,21,27-45,72,0.375,27,45,2
Minnesota Timberwolves,21,23-49,72,0.3194444444444444,23,49,2
Cleveland Cavaliers,21,22-50,72,0.3055555555555556,22,50,2
Oklahoma City Thunder,21,22-50,72,0.3055555555555556,22,50,2
Orlando Magic,21,21-51,72,0.2916666666666667,21,51,1
Detroit Pistons,21,20-52,72,0.2777777777777778,20,52,1
Houston Rockets,21,17-55,72,0.2361111111111111,17,55,1
